task_type,model_type,hf_model_id,dataset_name,hf_task,fail_reason_category,reason_or_error
segmentation,hf_finetune,nvidia/segformer-b0-finetuned-ade-512-512,zhoubolei/scene_parse_150,image_segmentation,oom,"OutOfMemoryError('HIP out of memory. Tried to allocate 24.79 GiB. GPU 0 has a total capacity of 15.92 GiB of which 0 bytes is free. Of the allocated memory 3.15 GiB is allocated by PyTorch, and 593.30 MiB is reserved by PyTorch but unallocated. If reserved but unallocated memory is large try setting PYTORCH_CUDA_ALLOC_CONF=expandable_segments:True to avoid fragmentation.  See documentation for Memory Management  (https://pytorch.org/docs/stable/notes/cuda.html#environment-variables)')"
segmentation,hf,nvidia/segformer-b2-finetuned-ade-512-512,zhoubolei/scene_parse_150,image_segmentation,oom,"OutOfMemoryError('HIP out of memory. Tried to allocate 24.79 GiB. GPU 0 has a total capacity of 15.92 GiB of which 0 bytes is free. Of the allocated memory 3.10 GiB is allocated by PyTorch, and 580.62 MiB is reserved by PyTorch but unallocated. If reserved but unallocated memory is large try setting PYTORCH_CUDA_ALLOC_CONF=expandable_segments:True to avoid fragmentation.  See documentation for Memory Management  (https://pytorch.org/docs/stable/notes/cuda.html#environment-variables)')"
segmentation,hf,nvidia/segformer-b0-finetuned-ade-512-512,zhoubolei/scene_parse_150,image_segmentation,oom,"OutOfMemoryError('HIP out of memory. Tried to allocate 24.79 GiB. GPU 0 has a total capacity of 15.92 GiB of which 0 bytes is free. Of the allocated memory 2.99 GiB is allocated by PyTorch, and 658.38 MiB is reserved by PyTorch but unallocated. If reserved but unallocated memory is large try setting PYTORCH_CUDA_ALLOC_CONF=expandable_segments:True to avoid fragmentation.  See documentation for Memory Management  (https://pytorch.org/docs/stable/notes/cuda.html#environment-variables)')"
segmentation,hf_finetune,nvidia/segformer-b0-finetuned-ade-512-512,zhoubolei/scene_parse_150,image_segmentation,oom,"OutOfMemoryError('HIP out of memory. Tried to allocate 4.69 GiB. GPU 0 has a total capacity of 15.92 GiB of which 0 bytes is free. Of the allocated memory 23.03 GiB is allocated by PyTorch, and 4.90 GiB is reserved by PyTorch but unallocated. If reserved but unallocated memory is large try setting PYTORCH_CUDA_ALLOC_CONF=expandable_segments:True to avoid fragmentation.  See documentation for Memory Management  (https://pytorch.org/docs/stable/notes/cuda.html#environment-variables)')"
detection,hf,facebook/detr-resnet-50,detection-datasets/coco,image_detection,runtime_error,RuntimeError('value cannot be converted to type int32 without overflow')
detection,hf_finetune,facebook/detr-resnet-50,detection-datasets/coco,image_detection,runtime_error,RuntimeError('value cannot be converted to type int32 without overflow')
detection,hf,facebook/detr-resnet-50,rishitdagli/cppe-5,image_detection,runtime_error,RuntimeError('value cannot be converted to type int32 without overflow')
detection,hf_finetune,facebook/detr-resnet-50,rishitdagli/cppe-5,image_detection,runtime_error,RuntimeError('value cannot be converted to type int32 without overflow')
classification,hf,gpt2,wikitext,causal_lm_generation,runtime_error,"RuntimeError('cannot reshape tensor of 0 elements into shape [-1, 0] because the unspecified dimension size -1 can be any value and is ambiguous')"
